main-category,subcategory
Gry bitewne,Horus Heresy - Legions Imperialis
Gry bitewne,Blood Bowl
Gry bitewne,Marvel Crisis Protocol
Gry bitewne,Star Wars Legion
Gry bitewne,Necromunda
Gry bitewne,Warhammer Underworlds
Gry bitewne,Warhammer 40K Kill Team
Gry bitewne,Warcry
Gry bitewne,Warhammer: The Horus Heresy
Gry bitewne,Loyalist Legiones Astartes
Gry bitewne,Traitor Astartes
Gry bitewne,Forces of the Cult Mechanicum
Gry bitewne,Forces of the Emperor
Gry bitewne,Rules / Supplements / Accessories
Gry bitewne,White Dwarf Magazine
Gry bitewne,Middle Earth SBG
Gry bitewne,Lord of the Rings Good
Gry bitewne,Lord of the Rings Evil
Gry bitewne,Hobbit Good
Gry bitewne,Hobbit Evil
Gry bitewne,Middle Earth SBG - Rozszerzenia i zestawy
Gry bitewne,Warhammer: The Old World
Gry bitewne,Kingdom of Bretonnia
Gry bitewne,Dwarfen Mountain Holds
Gry bitewne,Tomb Kings of Khemri
Gry bitewne,Orcs and Goblins
Gry bitewne,Warriors of Chaos
Gry bitewne,Książki i akcesoria
Gry bitewne,Warhammer 40.000
Gry bitewne,Armies of the Imperium
Gry bitewne,Armies of Chaos
Gry bitewne,Xenos Armies
Gry bitewne,Warhammer Quest
Gry bitewne,WH 40K Akcesoria
Gry bitewne,WH 40K Podręcznik
Gry bitewne,WH 40K Tereny
Gry bitewne,WH 40K Zestawy
Gry bitewne,Warhammer Age Of Sigmar
Gry bitewne,Grand Alliance Chaos
Gry bitewne,Grand Alliance Death
Gry bitewne,Grand Alliance Destruction
Gry bitewne,Grand Alliance Order
Gry bitewne,WH AoS Akcesoria
Gry bitewne,WH AoS Podręczniki
Gry bitewne,WH AoS Tereny
Gry bitewne,WH AoS Zestawy
Gry planszowe,Bitewne
Gry planszowe,Dedukcyjne
Gry planszowe,Dla dorosłych
Gry planszowe,Dla dwóch graczy
Gry planszowe,Dla dzieci
Gry planszowe,Dla jednego gracza
Gry planszowe,Ekonomiczne
Gry planszowe,Imprezowe
Gry planszowe,Karciane
Gry planszowe,Kooperacyjne
Gry planszowe,Legacy
Gry planszowe,Logiczne
Gry planszowe,Przygodowe
Gry planszowe,Rodzinne
Gry planszowe,Strategiczne
Gry karciane,Flesh & Blood
Gry karciane,Horror w Arkham: Gra Karciana / Arkham Horror: The Card Game
Gry karciane,Disney Lorcana
Gry karciane,Lord of the Rings: The Card Game
Gry karciane,Star Wars Unlimited
Gry karciane,Magic The Gathering
Gry karciane,Marvel Champions LCG
Gry karciane,Vampire The Eternal Struggle
Gry karciane,Pokemon TCG
Gry RPG,Cyberpunk 2020
Gry RPG,Dark Heresy 2
Gry RPG,Diuna
Gry RPG,Dungeons & Dragons
Gry RPG,Kult
Gry RPG,Neuroshima
Gry RPG,Tajemnice Pętli
Gry RPG,The Witcher
Gry RPG,Wampir: Maskarada
Gry RPG,Warhammer - 2 edycja
Gry RPG,Warhammer - 4 edycja
Gry RPG,Warhammer: Age of Sigmar
Gry RPG,Zew Cthulhu
Gry RPG,Kości i akcesoria do gier RPG
Gry RPG,Gry paragrafowe
Gry RPG,Pozostałe systemy
Gry RPG,Cień władcy demonów
Dark Rabbit,Herosi vs Horrory
Dark Rabbit,MidGuard RPG
Dark Rabbit,MidGuard Miniatures
Akcesoria,Farby
Akcesoria,Citadel
Akcesoria,Vallejo
Akcesoria,Scale 75
Akcesoria,The Army Painter
Akcesoria,Koszulki na karty
Akcesoria,Dragon Shield
Akcesoria,Gamegenic
Akcesoria,Pozostałe
Akcesoria,Rebel
Akcesoria,Sloyca
Akcesoria,Ultra Pro
Akcesoria,Narzędzia
Akcesoria,Army Painter
Akcesoria,Citadel
Akcesoria,Pędzle
Akcesoria,Army Painter
Akcesoria,Citadel
Akcesoria,Evoco
Akcesoria,Kozłowski
Akcesoria,Podstawki
Akcesoria,Citadel
Akcesoria,Gamers Grass
Akcesoria,Micro Art Studio
Akcesoria,Pudełka i walizki
Akcesoria,Tufty
Akcesoria,Army Painter
Akcesoria,Citadel
Akcesoria,Gamers Grass
Akcesoria,Vallejo
Akcesoria,Do gier planszowych i karcianych
